{"cameraMode":{"drawMode":0,"name":"Shaded","section":"Shading Mode"},"sceneLighting":true,"audioPlay":false,"sceneViewState":{"m_AlwaysRefresh":true,"showFog":true,"showSkybox":true,"showFlares":true,"showImageEffects":true,"showParticleSystems":true,"showVisualEffectGraphs":true,"m_FxEnabled":true},"in2DMode":false,"pivot":{"x":0.8319222331047058,"y":-0.021018944680690767,"z":0.02140173688530922},"rotation":{"x":0.3160666823387146,"y":0.6680481433868408,"z":-0.37923258543014529,"w":0.5567786693572998},"size":2.9017295837402345,"orthographic":false}